{"cameraMode":{"drawMode":0,"name":"Shaded","section":"Shading Mode"},"sceneLighting":false,"audioPlay":false,"sceneViewState":{"m_AlwaysRefresh":false,"showFog":true,"showSkybox":false,"showFlares":true,"showImageEffects":true,"showParticleSystems":true,"showVisualEffectGraphs":true,"m_FxEnabled":true},"in2DMode":false,"pivot":{"x":-1.2917953729629517,"y":1.8632490634918213,"z":15.790321350097657},"rotation":{"x":0.39526888728141787,"y":0.08086883276700974,"z":-0.03488593548536301,"w":0.9144124984741211},"size":0.4547225534915924,"orthographic":false}