{"cameraMode":{"drawMode":0,"name":"Shaded","section":"Shading Mode"},"sceneLighting":false,"audioPlay":false,"sceneViewState":{"m_AlwaysRefresh":false,"showFog":true,"showSkybox":false,"showFlares":true,"showImageEffects":true,"showParticleSystems":true,"showVisualEffectGraphs":true,"m_FxEnabled":true},"in2DMode":false,"pivot":{"x":-0.7953108549118042,"y":0.702353298664093,"z":-3.219816207885742},"rotation":{"x":0.5321570634841919,"y":0.0064647868275642399,"z":-0.004950474947690964,"w":0.8469270467758179},"size":1.2919410467147828,"orthographic":false}