{"cameraMode":{"drawMode":0,"name":"Shaded","section":"Shading Mode"},"sceneLighting":false,"audioPlay":false,"sceneViewState":{"m_AlwaysRefresh":false,"showFog":true,"showSkybox":false,"showFlares":true,"showImageEffects":true,"showParticleSystems":true,"showVisualEffectGraphs":true,"m_FxEnabled":true},"in2DMode":false,"pivot":{"x":-7.668535232543945,"y":-0.7935565710067749,"z":7.215755462646484},"rotation":{"x":0.39526888728141787,"y":0.08086883276700974,"z":-0.03488593548536301,"w":0.9144124984741211},"size":1.4593504667282105,"orthographic":false}