{"cameraMode":{"drawMode":0,"name":"Shaded","section":"Shading Mode"},"sceneLighting":false,"audioPlay":false,"sceneViewState":{"m_AlwaysRefresh":false,"showFog":true,"showSkybox":false,"showFlares":true,"showImageEffects":true,"showParticleSystems":true,"showVisualEffectGraphs":true,"m_FxEnabled":true},"in2DMode":false,"pivot":{"x":-11.648612022399903,"y":-0.4076812267303467,"z":13.595244407653809},"rotation":{"x":0.39526888728141787,"y":0.08086883276700974,"z":-0.03488593548536301,"w":0.9144124984741211},"size":1.461759328842163,"orthographic":false}