{"cameraMode":{"drawMode":0,"name":"Shaded","section":"Shading Mode"},"sceneLighting":false,"audioPlay":false,"sceneViewState":{"m_AlwaysRefresh":false,"showFog":true,"showSkybox":false,"showFlares":true,"showImageEffects":true,"showParticleSystems":true,"showVisualEffectGraphs":true,"m_FxEnabled":true},"in2DMode":false,"pivot":{"x":-17.84775161743164,"y":-26.46065902709961,"z":24.668319702148439},"rotation":{"x":0.3297998607158661,"y":-0.008180435746908188,"z":0.002041933359578252,"w":0.944300651550293},"size":1.2467283010482789,"orthographic":false}