{"cameraMode":{"drawMode":0,"name":"Shaded","section":"Shading Mode"},"sceneLighting":true,"audioPlay":false,"sceneViewState":{"m_AlwaysRefresh":false,"showFog":true,"showSkybox":true,"showFlares":true,"showImageEffects":true,"showParticleSystems":true,"showVisualEffectGraphs":true,"m_FxEnabled":true},"in2DMode":false,"pivot":{"x":0.5154451727867127,"y":0.6377360224723816,"z":-6.411998748779297},"rotation":{"x":0.2764981985092163,"y":0.40514039993286135,"z":-0.13000130653381349,"w":0.8616902232170105},"size":0.9602231979370117,"orthographic":false}